{
    "object_classes": {
        "House": 12
    },
    "object_data": {
        "House": [
            {
                "asset_path": "asset/models/house/house.obj",
                "extent": 8.0,
                "name": "House1",
                "propagation_patterns": [
                    {
                        "center": [
                            -0.0021436959505081177,
                            0.31466615200042725,
                            4.253751754760742,
                            0.0,
                            0.0,
                            0.0
                        ],
                        "half_extents": [
                            2.5988235473632813,
                            0.23502351343631744,
                            0.15822219848632813
                        ],
                        "rotation": [
                            0.0,
                            0.0,
                            0.0,
                            1.0
                        ]
                    },
                    {
                        "center": [
                            0.05001336336135864,
                            0.5779047608375549,
                            -3.654787302017212,
                            0.0,
                            0.0,
                            0.0
                        ],
                        "half_extents": [
                            2.7648837566375732,
                            0.19947265088558197,
                            0.21310579776763916
                        ],
                        "rotation": [
                            0.0,
                            0.0,
                            0.0,
                            1.0
                        ]
                    },
                    {
                        "center": [
                            8.548674583435059,
                            0.0,
                            -0.09122419357299805,
                            0.0,
                            0.0,
                            0.0
                        ],
                        "half_extents": [
                            1.0,
                            1.0,
                            1.0
                        ],
                        "rotation": [
                            0.0,
                            0.0,
                            0.0,
                            1.0
                        ]
                    },
                    {
                        "center": [
                            -8.059597969055176,
                            0.0,
                            0.0,
                            0.0,
                            0.0,
                            0.0
                        ],
                        "half_extents": [
                            1.0,
                            1.0,
                            1.0
                        ],
                        "rotation": [
                            0.0,
                            0.0,
                            0.0,
                            1.0
                        ]
                    }
                ],
                "properties": {}
            }
        ]
    },
    "patterns": [
        {
            "pattern_class": 12,
            "required_classes": [
                12,
                12
            ],
            "weight": 0.5
        }
    ]
}
