{
    "object_classes": {
        "House": 12,
        "Sphere": 11,
        "Wagons": 10
    },
    "object_data": {
        "House": [
            {
                "asset_path": "asset/models/house/house.obj",
                "extent": 8.0,
                "name": "House1",
                "propagation_patterns": [
                    {
                        "center": [
                            0.03007221221923828,
                            -0.019315779209136963,
                            3.8980894088745117,
                            0.0,
                            0.0,
                            0.0
                        ],
                        "half_extents": [
                            2.6310393810272217,
                            2.518949508666992,
                            1.4007749557495117
                        ],
                        "rotation": [
                            0.0,
                            0.0,
                            0.0,
                            1.0
                        ]
                    },
                    {
                        "center": [
                            0.05001336336135864,
                            -0.07323670387268066,
                            -3.7935774326324463,
                            0.0,
                            0.0,
                            0.0
                        ],
                        "half_extents": [
                            2.7648837566375732,
                            2.339449167251587,
                            1.4447689056396484
                        ],
                        "rotation": [
                            0.0,
                            0.0,
                            0.0,
                            1.0
                        ]
                    }
                ],
                "properties": {}
            }
        ],
        "Sphere": [
            {
                "asset_path": "asset/models/sphere.obj",
                "extent": 2.0,
                "name": "sphere",
                "propagation_patterns": [
                    {
                        "center": [
                            0.0,
                            0.0,
                            3.0,
                            0.0,
                            0.0,
                            0.0
                        ],
                        "half_extents": [
                            1.0,
                            1.0,
                            1.0
                        ],
                        "rotation": [
                            0.0,
                            0.0,
                            0.0,
                            1.0
                        ]
                    },
                    {
                        "center": [
                            0.0,
                            0.0,
                            -3.0,
                            0.0,
                            0.0,
                            0.0
                        ],
                        "half_extents": [
                            1.0,
                            1.0,
                            1.0
                        ],
                        "rotation": [
                            0.0,
                            0.0,
                            0.0,
                            1.0
                        ]
                    },
                    {
                        "center": [
                            3.0,
                            0.0,
                            0.0,
                            0.0,
                            0.0,
                            0.0
                        ],
                        "half_extents": [
                            1.0,
                            1.0,
                            1.0
                        ],
                        "rotation": [
                            0.0,
                            0.0,
                            0.0,
                            1.0
                        ]
                    },
                    {
                        "center": [
                            -3.0,
                            0.0,
                            0.0,
                            0.0,
                            0.0,
                            0.0
                        ],
                        "half_extents": [
                            1.0,
                            1.0,
                            1.0
                        ],
                        "rotation": [
                            0.0,
                            0.0,
                            0.0,
                            1.0
                        ]
                    },
                    {
                        "center": [
                            3.0,
                            0.0,
                            3.0,
                            0.0,
                            0.0,
                            0.0
                        ],
                        "half_extents": [
                            1.0,
                            1.0,
                            1.0
                        ],
                        "rotation": [
                            0.0,
                            0.0,
                            0.0,
                            1.0
                        ]
                    },
                    {
                        "center": [
                            3.0,
                            0.0,
                            -3.0,
                            0.0,
                            0.0,
                            0.0
                        ],
                        "half_extents": [
                            1.0,
                            1.0,
                            1.0
                        ],
                        "rotation": [
                            0.0,
                            0.0,
                            0.0,
                            1.0
                        ]
                    },
                    {
                        "center": [
                            -3.0,
                            0.0,
                            3.0,
                            0.0,
                            0.0,
                            0.0
                        ],
                        "half_extents": [
                            1.0,
                            1.0,
                            1.0
                        ],
                        "rotation": [
                            0.0,
                            0.0,
                            0.0,
                            1.0
                        ]
                    },
                    {
                        "center": [
                            -3.0,
                            0.0,
                            -3.0,
                            0.0,
                            0.0,
                            0.0
                        ],
                        "half_extents": [
                            1.0,
                            1.0,
                            1.0
                        ],
                        "rotation": [
                            0.0,
                            0.0,
                            0.0,
                            1.0
                        ]
                    }
                ],
                "properties": {}
            }
        ],
        "Wagons": [
            {
                "asset_path": "asset/models/Wagon.obj",
                "extent": 1.0,
                "name": "wagon",