{
    "object_classes": {
        "House": 12,
        "Sphere": 11,
        "Wagons": 10,
        "tree0": 13
    },
    "object_data": {
        "House": [
            {
                "asset_path": "asset/models/house/house.obj",
                "axis_settings": {
                    "v": [
                        1,
                        2,
                        1
                    ]
                },
                "extent": 8.0,
                "name": "House1",
                "propagation_patterns": [
                    {
                        "center": [
                            0.03007221221923828,
                            -0.46081268787384033,
                            5.053235054016113,
                            0.0,
                            0.0,
                            0.0
                        ],
                        "half_extents": [
                            2.6310393810272217,
                            0.28263193368911743,
                            0.24562931060791016
                        ],
                        "rotation": [
                            0.0,
                            0.0,
                            0.0,
                            1.0
                        ]
                    },
                    {
                        "center": [
                            0.05001336336135864,
                            -0.3146066665649414,
                            -5.428215503692627,
                            0.0,
                            0.0,
                            0.0
                        ],
                        "half_extents": [
                            2.7648837566375732,
                            0.3143661916255951,
                            0.3350518047809601
                        ],
                        "rotation": [
                            0.0,
                            0.0,
                            0.0,
                            1.0
                        ]
                    },
                    {
                        "center": [
                            5.7504191398620605,
                            0.0,
                            0.0,
                            0.0,
                            0.0,
                            0.0
                        ],
                        "half_extents": [
                            1.0,
                            1.0,
                            1.0
                        ],
                        "rotation": [
                            0.0,
                            0.0,
                            0.0,
                            1.0
                        ]
                    },
                    {
                        "center": [
                            -6.031888008117676,
                            0.0,
                            0.0,
                            0.0,
                            0.0,
                            0.0
                        ],
                        "half_extents": [
                            1.0,
                            1.0,
                            1.0
                        ],
                        "rotation": [
                            0.0,
                            0.0,
                            0.0,
                            1.0
                        ]
                    }
                ],
                "properties": {}
            }
        ],
        "Sphere": [
            {
                "asset_path": "asset/models/sphere.obj",
                "axis_settings": {
                    "v": [
                        1,
                        1,
                        1
                    ]
                },
                "extent": 2.0,
                "name": "sphere",
                "propagation_patterns": [
                    {
                        "center": [
                            0.0,
                            0.0,
                            3.0,
                            0.0,
                            0.0,
                            0.0
                        ],
                        "half_extents": [
                            1.0,
                            1.0,
                            1.0
                        ],
                        "rotation": [
                            0.0,
                            0.0,
                            0.0,
                            1.0
                        ]
                    },
                    {
                        "center": [
                            0.0,
                            0.0,
                            -3.0,
                            0.0,
                            0.0,
                            0.0
                        ],
                        "half_extents": [
                            1.0,
                            1.0,
                            1.0
                        ],
                        "rotation": [
                            0.0,
                            0.0,
                            0.0,
                            1.0
                        ]
                    },
                    {
                        "center": [
                            3.0,
                            0.0,
                            0.0,
                            0.0,
                            0.0,
                            0.0
                        ],
                        "half_extents": [
                            1.0,
                            1.0,
                            1.0
                        ],
                        "rotation": [
                            0.0,
                            0.0,
                            0.0,
                            1.0
                        ]
                    },
                    {
                        "center": [
                            -3.0,
                            0.0,
                            0.0,
                            0.0,
                            0.0,
                            0.0
                        ],
                        "half_extents": [
                            1.0,
                            1.0,
                            1.0
                        ],
                        "rotation": [
                            0.0,
                            0.0,
                            0.0,
                            1.0
                        ]
                    },
                    {
                        "center": [
                            3.0,
                            0.0,
                            3.0,
                            0.0,
                            0.0,
                            0.0
                        ],
                        "half_extents": [
                            1.0,
                            1.0,
                            1.0
                        ],
                        "rotation": [
                            0.0,
                            0.0,
                            0.0,
                            1.0
                        ]
                    },
                    {
                        "center": [
                            3.0,
                            0.0,
                            -3.0,
                            0.0,
                            0.0,
                            0.0
                        ],
                        "half_extents": [
                            1.0,
                            1.0,
                            1.0
                        ],